Country	%_2000	%_2018	ID
Afghanistan	22.9	21	Q889
Albania	24.7	24.5	Q222
Algeria	47.6	45.2	Q262
Angola	6.2	16.2	Q916
Argentina	36.2	28.2	Q414
Armenia	14.9	44.6	Q399
Australia	11.2	10.7	Q408
Austria	5.6	9.4	Q40
Azerbaijan	21.2	15.3	Q227
Bahamas, The	19.1	28.1	Q778
Bahrain	11.6	10.9	Q398
Bangladesh	10.4	16.5	Q902
Barbados	24.1	30.2	Q244
Belarus	18.4	8.4	Q184
Belgium	18.3	15.3	Q31
Belize	33.5	25.4	Q242
Benin	0.7	5.1	Q962
Bhutan	6.1	12	Q917
Bolivia	8.1	7	Q750
Bosnia and Herzegovina	58.2	45.7	Q225
Botswana	35.9	42.9	Q963
Brazil	23.4	32.3	Q155
Brunei Darussalam	20.9	29.7	Q921
Bulgaria	29.6	11.9	Q219
Burkina Faso	3.4	12.1	Q965
Burundi	2.1	1.7	Q967
Cabo Verde	24	31.6	Q1011
Cambodia	2.2	1.1	Q424
Cameroon	10.2	6.3	Q1009
Canada	11.4	9.6	Q16
Central African Republic	6	5.4	Q929
Chad	1	2.6	Q657
Channel Islands	16.3	15.3	Q42314
Chile	30.8	20	Q298
China	6	9.1	Q148
Colombia	44.5	24.4	Q739
Comoros	8.5	8.5	Q970
Congo, Dem. Rep.	3.7	6.1	Q974
Congo, Rep.	38.8	21	Q971
Costa Rica	14.5	32.2	Q800
Cote d'Ivoire	5.6	6.1	Q1008
Croatia	41.3	29.4	Q224
Cuba	11.9	4.2	Q241
Cyprus	13.6	15.7	Q229
Czech Republic	16.5	7.2	Q213
Denmark	7	8.2	Q35
Djibouti	16.9	20.1	Q977
Dominican Republic	20.7	19.7	Q786
Ecuador	12.6	10.4	Q736
Egypt, Arab Rep.	45.2	40	Q79
El Salvador	8.2	11.6	Q792
Equatorial Guinea	12.1	11.5	Q983
Eritrea	8.2	8.3	Q986
Estonia	19.6	11.4	Q191
Eswatini	54.3	49	Q1050
Ethiopia	6.8	4.2	Q115
Fiji	14.3	22.4	Q712
Finland	30.9	16.8	Q33
France	22.5	19.9	Q142
French Polynesia	39.7	42.1	Q30971
Gabon	42.5	42.1	Q1000
Gambia, The	17.2	16.8	Q1005
Georgia	20.4	34.1	Q230
Germany	7.4	5.1	Q183
Ghana	16.4	8.4	Q117
Greece	38.2	43.9	Q41
Guam	30.6	13.9	Q16635
Guatemala	5.2	8.1	Q774
Guinea	4.7	4.3	Q1006
Guinea-Bissau	3.6	3.4	Q1007
Guyana	31.6	28	Q734
Haiti	23.1	38.2	Q790
Honduras	8.5	16	Q783
Hong Kong SAR, China	10.2	7.9	Q8646
Hungary	10.4	10.7	Q28
Iceland	3.8	5.5	Q189
India	16.9	24.3	Q668
Indonesia	19.3	16.4	Q252
Iran, Islamic Rep.	32.7	42.3	Q794
Iraq	19.2	62.8	Q796
Ireland	6.7	12.7	Q27
Israel	17.4	7.4	Q801
Italy	35.7	34.8	Q38
Jamaica	43.5	30.8	Q766
Japan	7.9	3.1	Q17
Jordan	46.6	55.7	Q810
Kazakhstan	25.2	3.9	Q232
Kenya	6.5	7.3	Q114
Korea, Dem. Peopleâ€™s Rep.	5.7	5.5	Q423
Korea, Rep.	8.6	10.1	Q884
Kuwait	8.3	28.4	Q817
Kyrgyz Republic	13.4	22.7	Q813
Lao PDR	3.7	1.6	Q819
Latvia	21.7	11.8	Q211
Lebanon	19.7	21.3	Q822
Lesotho	59.2	40.5	Q1013
Liberia	3.7	2	Q1014
Libya	61.5	68.9	Q1016
Lithuania	27.3	10.1	Q37
Luxembourg	7.3	11.8	Q32
Macao SAR, China	7.2	4	Q14773
Madagascar	7	2.8	Q1019
Malawi	8.5	8	Q1020
Malaysia	10	11.9	Q833
Maldives	5.1	11.3	Q826
Mali	8.3	17	Q912
Malta	10.5	6.9	Q233
Mauritania	15.3	16.5	Q1025
Mauritius	29.4	30.8	Q1027
Mexico	6.2	7.6	Q96
Moldova	15.4	7.2	Q217
Mongolia	9.7	21.2	Q711
Montenegro	64	23.6	Q236
Morocco	17	22.8	Q1028
Mozambique	3.9	6.7	Q1029
Myanmar	1.5	4.7	Q836
Namibia	42.8	38.5	Q1030
Nepal	2	1.7	Q837
Netherlands	5.9	6.7	Q55
New Caledonia	46.9	36.3	Q33788
New Zealand	12.4	10.8	Q664
Nicaragua	14.4	14.4	Q811
Niger	1.9	0.4	Q1032
Nigeria	8.7	18.1	Q1033
North Macedonia	61.1	43.2	Q221
Norway	11.2	8.6	Q20
Oman	15	33.5	Q842
Pakistan	0.7	6.8	Q843
Panama	10.6	15.4	Q804
Papua New Guinea	4.4	3.3	Q691
Paraguay	22	12.1	Q733
Peru	8.7	8.4	Q419
Philippines	12	8.1	Q928
Poland	37.1	12	Q36
Portugal	11.8	20.8	Q45
Puerto Rico	15.9	16.7	Q1183
Qatar	10.4	1.8	Q846
Romania	15.8	16.3	Q218
Russian Federation	22.2	18	Q159
Rwanda	0.9	2.1	Q1037
Samoa	14.2	22.3	Q683
Sao Tome and Principe	26.6	31.5	Q1039
Saudi Arabia	33	62.7	Q851
Senegal	11.8	8.7	Q1041
Serbia	30	31.8	Q403
Sierra Leone	3.5	5.6	Q1044
Singapore	9.7	12.3	Q334
Slovak Republic	33.3	16.1	Q214
Slovenia	18.4	9.5	Q215
Solomon Islands	3.5	1.4	Q685
Somalia	17.8	16.7	Q1045
South Africa	59	59.2	Q258
South Sudan	17.9	17.5	Q958
Spain	32.2	33.3	Q29
Sri Lanka	30.7	29.4	Q854
St. Lucia	38	51.9	Q760
St. Vincent and the Grenadines	41.3	43.9	Q757
Sudan	29	42.9	Q1049
Suriname	52	21.6	Q730
Sweden	7.9	15.5	Q34
Switzerland	4.1	7.4	Q39
Syrian Arab Republic	31	46.6	Q858
Tajikistan	25.9	20.3	Q863
Tanzania	5.3	4.3	Q924
Thailand	6.2	4.7	Q869
Timor-Leste	12.5	15.1	Q574
Togo	7.4	3.6	Q945
Tonga	13.6	6.7	Q678
Trinidad and Tobago	8.2	6.1	Q754
Tunisia	27.6	38.3	Q948
Turkey	11.9	24.6	Q43
Turkmenistan	18.5	5.6	Q874
Uganda	5.3	3	Q1036
Ukraine	20.7	19.4	Q212
United Arab Emirates	6.3	13.1	Q878
United Kingdom	10.3	10.2	Q145
United States	8.8	7.6	Q30
Uruguay	34.6	30.8	Q77
Uzbekistan	22.6	11.8	Q265
Vanuatu	9.1	9	Q686
Venezuela, RB	26.8	21.6	Q717
Vietnam	4.2	7.3	Q881
Virgin Islands (U.S.)	26	28.5	Q11703
West Bank and Gaza	16.7	69.1	Q407199
Yemen, Rep.	14.3	34.1	Q805
Zambia	20.3	22.4	Q953
Zimbabwe	9.3	9.4	Q954
