Country	%_2000	%_2018	ID
Afghanistan	14.7	13.9	Q889
Albania	16.9	11.2	Q222
Algeria	29.7	21.1	Q262
Angola	2.8	7.3	Q916
Argentina	16.3	10.5	Q414
Armenia	14.5	17.2	Q399
Australia	6.1	5.3	Q408
Austria	4.6	4.7	Q40
Azerbaijan	12.8	5.8	Q227
Bahamas, The	8	9.9	Q778
Bahrain	4.5	2.7	Q398
Bangladesh	3.3	6.6	Q902
Barbados	11.4	9.6	Q244
Belarus	10.1	3.6	Q184
Belgium	8.3	5.6	Q31
Belize	18.3	9.7	Q242
Benin	0.5	2.6	Q962
Bhutan	2.2	3.1	Q917
Bolivia	3.7	3.6	Q750
Bosnia and Herzegovina	29.7	20.3	Q225
Botswana	17.3	20.5	Q963
Brazil	12.9	14.2	Q155
Brunei Darussalam	7.3	9.6	Q921
Bulgaria	15.8	4.7	Q219
Burkina Faso	2.7	8.9	Q965
Burundi	1.4	1	Q967
Cabo Verde	10.9	11.5	Q1011
Cambodia	1.5	0.8	Q424
Cameroon	6.6	3.8	Q1009
Canada	6.7	5.5	Q16
Central African Republic	3.8	3.6	Q929
Chad	0.6	1.6	Q657
Channel Islands	8.2	7.7	Q42314
Chile	12.5	8	Q298
China	2.8	3.7	Q148
Colombia	25.1	11.8	Q739
Comoros	4.9	4.7	Q970
Congo, Dem. Rep.	2.2	3.4	Q974
Congo, Rep.	21.2	10.3	Q971
Costa Rica	6.6	12.2	Q800
Cote d'Ivoire	4.4	3.8	Q1008
Croatia	17.3	9.3	Q224
Cuba	8.4	1.8	Q241
Cyprus	7.4	8.8	Q229
Czech Republic	10.5	2.8	Q213
Denmark	5	5.1	Q35
Djibouti	10.5	10.4	Q977
Dominican Republic	10.7	8.1	Q786
Ecuador	6.4	4.4	Q736
Egypt, Arab Rep.	23	23	Q79
El Salvador	3.7	3.8	Q792
Equatorial Guinea	6.7	6.1	Q983
Eritrea	5.2	4.9	Q986
Estonia	11.6	5.3	Q191
Eswatini	27.5	23.9	Q1050
Ethiopia	4.7	2.7	Q115
Fiji	5.1	5.5	Q712
Finland	12	7.3	Q33
France	12.2	9.1	Q142
French Polynesia	13.5	13.4	Q30971
Gabon	20.2	28.1	Q1000
Gambia, The	12.6	12.2	Q1005
Georgia	10.5	12.5	Q230
Germany	8.3	2.9	Q183
Ghana	10.7	4.3	Q117
Greece	17.2	24.3	Q41
Guam	13	4.9	Q16635
Guatemala	3.4	3.5	Q774
Guinea	3.5	3.3	Q1006
Guinea-Bissau	2.4	2.2	Q1007
Guyana	15.1	15.2	Q734
Haiti	9.5	16.6	Q790
Honduras	4.1	7.2	Q783
Hong Kong SAR, China	4	2.6	Q8646
Hungary	5.8	4	Q28
Iceland	2.6	2.5	Q189
India	5.4	5.3	Q668
Indonesia	6.7	4.3	Q252
Iran, Islamic Rep.	18.6	19.1	Q794
Iraq	7.5	30.9	Q796
Ireland	4.3	5.7	Q27
Israel	11.2	4	Q801
Italy	14.9	11.8	Q38
Jamaica	22.3	11.9	Q766
Japan	4.5	2.2	Q17
Jordan	21.2	23.7	Q810
Kazakhstan	14.5	5.3	Q232
Kenya	3	2.8	Q114
Korea, Dem. Peopleâ€™s Rep.	2.5	2.3	Q423
Korea, Rep.	3.6	3.7	Q884
Kuwait	2	5.4	Q817
Kyrgyz Republic	8.8	6.4	Q813
Lao PDR	2	0.6	Q819
Latvia	13.4	6.4	Q211
Lebanon	9.9	10	Q822
Lesotho	43.3	27.8	Q1013
Liberia	2.2	2.2	Q1014
Libya	25.1	24.6	Q1016
Lithuania	13.6	5.4	Q37
Luxembourg	3.1	5.9	Q32
Macao SAR, China	4.6	1.6	Q14773
Madagascar	5.9	1.7	Q1019
Malawi	6.9	6.6	Q1020
Malaysia	3.1	3.8	Q833
Maldives	2.7	5.3	Q826
Mali	5.8	7.9	Q912
Malta	6.5	3.6	Q233
Mauritania	11.9	11.9	Q1025
Mauritius	12.4	9.9	Q1027
Mexico	3.3	3.4	Q96
Moldova	7.2	2.5	Q217
Mongolia	6.1	5.6	Q711
Montenegro	35.8	15.1	Q236
Morocco	13	10.5	Q1028
Mozambique	1.9	3.5	Q1029
Myanmar	0.9	2	Q836
Namibia	21.6	18.6	Q1030
Nepal	1.6	1.2	Q837
Netherlands	3.5	4	Q55
New Caledonia	20.1	14	Q33788
New Zealand	6	4.5	Q664
Nicaragua	7.8	5.3	Q811
Niger	1	0.4	Q1032
Nigeria	3.7	9.1	Q1033
North Macedonia	34.9	19.9	Q221
Norway	3.3	3.5	Q20
Oman	8.9	11.8	Q842
Pakistan	0.3	4.6	Q843
Panama	5	5	Q804
Papua New Guinea	2	1.3	Q691
Paraguay	11.6	5.3	Q733
Peru	5.8	3.5	Q419
Philippines	4	2.7	Q928
Poland	18.3	3.8	Q36
Portugal	4.7	7.4	Q45
Puerto Rico	7.4	7.2	Q1183
Qatar	4	0.5	Q846
Romania	6.4	3.5	Q218
Russian Federation	10.4	4.8	Q159
Rwanda	0.5	1.1	Q1037
Samoa	5.7	9.8	Q683
Sao Tome and Principe	17.8	20.8	Q1039
Saudi Arabia	9.4	22.5	Q851
Senegal	7.8	7.1	Q1041
Serbia	15	13.7	Q403
Sierra Leone	2.3	3.6	Q1044
Singapore	3.5	4.3	Q334
Slovak Republic	18.6	7	Q214
Slovenia	7.1	5.7	Q215
Solomon Islands	1.7	0.6	Q685
Somalia	11.2	11	Q1045
South Africa	36.3	29.1	Q258
South Sudan	13.8	13.4	Q958
Spain	20.4	17	Q29
Sri Lanka	11.5	6.6	Q854
St. Lucia	21.3	23	Q760
St. Vincent and the Grenadines	19	16.7	Q757
Sudan	20.4	29.1	Q1049
Suriname	19.7	11.4	Q730
Sweden	5	6.3	Q34
Switzerland	3.1	5.1	Q39
Syrian Arab Republic	19.6	20.9	Q858
Tajikistan	13.8	10.1	Q863
Tanzania	3.1	2.5	Q924
Thailand	2.3	0.7	Q869
Timor-Leste	4.2	6	Q574
Togo	4.4	1.6	Q945
Tonga	5.6	1.9	Q678
Trinidad and Tobago	4.4	2.5	Q754
Tunisia	16.1	23.1	Q948
Turkey	6.3	13.7	Q43
Turkmenistan	8.9	2.1	Q874
Uganda	3.2	2.2	Q1036
Ukraine	11.3	7.4	Q212
United Arab Emirates	2.7	6.2	Q878
United Kingdom	4.9	3.9	Q145
United States	4.1	3.8	Q30
Uruguay	15.9	10.1	Q77
Uzbekistan	11.8	5.5	Q265
Vanuatu	5.2	4.9	Q686
Venezuela, RB	14.6	8	Q717
Vietnam	2.1	1.8	Q881
Virgin Islands (U.S.)	10.3	9.1	Q11703
West Bank and Gaza	8	41.8	Q407199
Yemen, Rep.	8.9	25.3	Q805
Zambia	11.4	12.4	Q953
Zimbabwe	4.6	5.6	Q954
